Risk ID,Domain,Scenario,Why Singapore-Specific,Primary Stakeholders,Existing Policy/Control Anchors,Likelihood,Impact,Priority,Potential Harms,Early Warning Indicators,Recommended Controls,Residual Risk / Open Question
EAI-SG-001,Public precinct robotics,"Delivery robot collides with pedestrian, wheelchair user, child, PMA rider or cyclist in PDD during peak foot traffic","Dense mixed-use precincts, covered walkways, commuting peaks and active mobility create close human-robot interaction",IMDA; JTC; SIT; LTA; PDD operator; robot vendor; insurer,"PDD testbed; LTA public path exemptions; ISO robot safety; IMDA agentic AI framework",Medium,High,Critical,"Injury, loss of public trust, suspension of trials, liability dispute","High near-miss rate; frequent emergency stops; crowding near lifts/ramps; complaints from vulnerable users","Define operating design domain, speed/proximity limits, pedestrian priority rules, accessibility testing, near-miss reporting, independent safety validation, public incident playbook","What threshold of near-misses triggers pause or rollback?"
EAI-SG-002,Public precinct robotics,"Robot becomes immobilised and blocks lift lobby, MRT link, covered walkway, hospital corridor or emergency access route","Singapore has space-constrained public infrastructure where obstruction can cascade quickly",JTC; LTA; BCA; SCDF; facility manager; robot operator,"PDD testbed; fire safety and building access requirements; LTA path rules",High,Medium,High,"Congestion, accessibility failure, emergency response delay, public complaints","Repeated stuck events; manual recovery delays; robots waiting at lifts; path bottlenecks","Maximum obstruction time, automatic pull-over behavior, remote recovery SLA, safe parking zones, lift priority rules, emergency override by facility/security staff","Who has authority to move or disable third-party robots?"
EAI-SG-003,Multi-operator coordination,"Two or more vendors' robots deadlock at lift, narrow path, charging point or loading bay","PDD explicitly targets multi-operator robots in a mixed-use area",IMDA; JTC; SIT; NRP; vendors; facility manager,"PDD testbed; interoperability standards; agentic AI governance",Medium,Medium,High,"Service disruption, obstruction, unsafe maneuvers, accountability dispute","Robots repeatedly yielding to each other; charger queues; lift call conflicts; manual interventions","Shared right-of-way protocol, common map layer, arbitration service, fleet-to-infrastructure API rules, priority classes for emergency/service robots","Should Singapore define a standard robot traffic protocol for public precincts?"
EAI-SG-004,Cybersecurity,"Attacker compromises fleet dashboard and issues unsafe route, speed, access or shutdown commands","Robot fleet dashboards may control physical systems across public spaces",CSA; IMDA; JTC; GovTech; operator; vendor,"CSA AI security guidance; CSA cybersecurity standards; IMDA agentic AI framework",Medium,Very High,Critical,"Physical harm, service disruption, unauthorized access, national trust damage","Unusual routes; commands outside normal hours; login anomalies; unexplained configuration changes","MFA, privileged access management, command signing, least privilege, anomaly detection, network segmentation, emergency stop independent of cloud, tabletop exercises","How quickly can physical operations be isolated from a compromised cloud service?"
EAI-SG-005,Cybersecurity,"Adversarial signage, QR code, sticker or projected image causes robot perception or instruction-following failure","Singapore robots will operate in signage-rich public areas with multilingual text and QR interactions",CSA; IMDA; LTA; JTC; vendor,"CSA AI security guidance; agentic AI framework; red-team testing",Medium,High,High,"Unsafe routing, privacy leakage, malicious command execution, public manipulation","Robots reacting to unofficial signs; route anomalies near advertisements; QR-triggered workflows","Environmental prompt-injection tests, sign authenticity checks, perception robustness tests, QR allowlists, natural-language command constraints","What environmental content should robots be allowed to treat as instructions?"
EAI-SG-006,Privacy,"Public-space robot collects excessive video, audio, faces, location trails or interaction logs","High-density public spaces make incidental personal data collection unavoidable",PDPC; IMDA; JTC; GovTech; agency deployer; operator,"PDPA; PDPC AI governance; IMDA governance frameworks",High,High,Critical,"Surveillance concerns, data breach, chilling effects, regulatory breach","Unclear notices; long retention; broad staff access; unclear data processors; public complaints","Data minimisation, edge processing, masking, retention limits, access logs, privacy impact assessment, visible robot ID and contact channel","When is public notice sufficient for mobile sensing systems?"
EAI-SG-007,Agentic autonomy,"Robot or EAI agent takes unauthorized physical-world action via lift, door, charger, dispatch, payment or access-control API","Singapore's smart precincts create many physical-digital integration points",IMDA; CSA; GovTech; JTC; facility manager; vendor,"IMDA agentic AI framework; CSA AI security guidance",Medium,High,Critical,"Unauthorized access, safety breach, service disruption, privacy incident","Tool calls outside approved task; privilege creep; unreviewed API integrations; unexplained access events","Tool allowlists, least privilege, step-up human approval, geofenced permissions, action audit logs, policy enforcement layer","Who is accountable: deployer, vendor, API owner or model provider?"
EAI-SG-008,Human oversight,"One remote operator supervises too many robots and misses critical alert or delayed override","Manpower-saving deployments may create pressure for high robot-to-supervisor ratios",MOM; IMDA; JTC; LTA; operator; unions,"Workplace safety principles; agentic AI framework; sector trial requirements",Medium,High,High,"Delayed intervention, injury, worker stress, false assurance of human-in-the-loop","Alert backlog; long response time; high manual intervention load; operator fatigue","Set maximum robot-to-operator ratios by risk class, alert prioritisation, simulation training, override latency tests, human factors review","What counts as meaningful human oversight for low-speed public robots?"
EAI-SG-009,Autonomous vehicles,"Autonomous shuttle fails under edge case involving cyclist, PMA, bus stop crowd, rain or roadworks","Singapore AV trials are expanding in estates and transport nodes from 2026",MOT; LTA; operators; AV vendors; CETRAN; insurers,"MOT AV consultation; LTA AV trials; TR 68; CETRAN assessment",Medium,Very High,Critical,"Injury or fatality, trial suspension, legal reform pressure, public backlash","Disengagement spikes; harsh braking; close passes; roadwork route issues; passenger complaints","Scenario-based testing, deployment readiness assessment, speed/route limits, safety driver/remote operator rules, public incident transparency","How will AV safety metrics be made comparable across vendors?"
EAI-SG-010,Drones / unmanned aircraft,"AI-enabled drone enters restricted airspace, loses link or crashes in dense urban area","Singapore has busy airspace, protected areas and dense urban environments",CAAS; MOT; SPF; SCDF; operator; vendor,"CAAS unmanned aircraft rules; aviation safety regulation",Low,Very High,High,"Aircraft hazard, public injury, security incident, property damage","Geofence breach; lost-link events; near-airport operations; poor battery health","Geofencing, remote ID, detect-and-avoid, lost-link fail-safe, permit controls, flight logging, operator training","How should autonomous drone swarms be treated under current UA rules?"
EAI-SG-011,Maritime / port automation,"Autonomous port vehicle or vessel coordination failure disrupts Tuas Port or creates safety incident","Singapore's port is nationally critical and increasingly automated",MPA; PSA; MOT; CSA; vendor; port operator,"MOT AV maritime section; MPA AI adoption; critical infrastructure security",Low,Very High,High,"Worker injury, port disruption, supply chain delay, national economic impact","Near collisions; remote-operation lag; localization failures; cyber anomalies","Operational design domain, separation rules, independent safety systems, cyber segmentation, incident drills, manual fallback","What EAI-specific assurance is needed for automated port systems beyond existing OT safety?"
EAI-SG-012,Healthcare robotics,"Hospital service robot enters clinical area incorrectly, blocks corridor, mishandles supplies or interacts unsafely with patient","Hospitals are space-constrained, high-trust, safety-critical environments",MOH; HSA; Synapxe; healthcare clusters; PDPC; CSA; vendor,"HSA digital health guidance; AIHGle 2.0; PDPA; CSA guidance",Medium,High,High,"Patient safety risk, infection-control breach, clinical workflow disruption, privacy breach","Wrong ward delivery; corridor blockage; repeated staff overrides; patient complaints","Clinical risk assessment, route restrictions, infection-control protocol, patient-area geofencing, staff override, audit logs","When does a service robot become a regulated medical device or clinical system?"
EAI-SG-013,Public safety robotics,"Police, security or HTX robot misidentifies behaviour, person or threat in public area","Singapore has active public-safety robotics interest and high sensitivity around surveillance",MHA; HTX; SPF; PDPC; CSA; IMDA,"HTX robotics work; SPF technology deployments; PDPA; AI governance",Medium,High,High,"Wrong enforcement escalation, discrimination concern, public distrust, privacy harms","High false positive rate; complaints; unclear escalation policy; biased detections","Human confirmation before enforcement, no fully automated punitive action, bias testing, clear public notice, data minimisation, appeal/feedback channel","What uses should be prohibited or require explicit authorisation?"
EAI-SG-014,Workplace robotics,"Collaborative robot or autonomous machine injures worker in factory, warehouse, port or construction site","Singapore's manpower constraints incentivise workplace automation and robotics adoption",MOM; WSH Council; MTI; EDB; NRP; employer; vendor,"Workplace Safety and Health Act; ISO 10218; MOM workforce transition policy",Medium,High,High,"Worker injury, downtime, regulatory action, insurance costs","Bypassed safety zones; frequent close calls; untrained workers; maintenance shortcuts","Risk assessment, safety-rated sensors, lockout/tagout, worker training, incident reporting, maintenance regime, human factors review","How should adaptive AI behavior be certified after deployment?"
EAI-SG-015,Supply chain,"Foreign robot vendor retains remote access or update channel that can alter behaviour without local approval","Singapore deployments may depend on global vendors and cloud/model providers",CSA; IMDA; sector regulator; procurement authority; operator,"CSA AI security guidance; procurement security requirements",Medium,High,High,"Unauthorized changes, cyber compromise, sovereignty concerns, evidence gaps after incident","Opaque vendor access; unsigned updates; offshore logs; emergency patch without approval","Vendor due diligence, update approval gates, software bill of materials, signed firmware, local audit logs, remote access controls","Should high-risk EAI require local control plane or escrowed safety evidence?"
EAI-SG-016,Model / map drift,"Robot safety performance degrades after software update, construction change, route change or seasonal crowd pattern","Singapore's built environment changes quickly and routes are dense",JTC; LTA; operator; vendor; IMDA; CSA,"PDD monitoring; agentic AI monitoring; software lifecycle controls",High,Medium,High,"Near misses, stuck robots, unsafe routing, service unreliability","Incident increase after update; localization errors; repeated route replanning; outdated maps","Change management, post-update validation, map freshness checks, canary deployment, rollback, continuous monitoring","What changes require re-approval versus operator self-certification?"
EAI-SG-017,Emergency response,"Robot fails to yield to emergency responders or continues operating during fire alarm, evacuation or security incident","Dense precincts require predictable emergency priority",SCDF; SPF; JTC; building owner; LTA; operator,"Fire safety rules; building emergency protocols; PDD testbed",Low,Very High,High,"Evacuation delay, responder obstruction, injury, liability","Robots active during drills; blocked fire routes; no emergency broadcast integration","Emergency stop broadcast, evacuation mode, responder override, safe parking zones, fire alarm integration, drills","Should all public-space robots implement standard emergency protocol interfaces?"
EAI-SG-018,Public trust,"Public perceives EAI deployment as surveillance, nuisance or unsafe after visible incident or viral video","Singapore public acceptance matters for Smart Nation and AI adoption",MDDI; IMDA; JTC; PDPC; agency deployer; communications teams,"Smart Nation; AI governance; PDPA; public communication norms",Medium,High,High,"Trial cancellation, reputational damage, lower adoption, politicisation","Social media complaints; unclear robot purpose; lack of signage; incident rumours","Public notice, transparent use-case boundaries, robot identification, incident communications, feedback channels, privacy-by-design","How much incident transparency is appropriate without creating unnecessary alarm?"
EAI-SG-019,Accessibility,"Robot design disadvantages elderly, disabled users, visually impaired users or non-English speakers","Singapore's public spaces serve diverse users and ageing population",MSF; SG Enable; LTA; JTC; IMDA; operator; vendor,"Public accessibility norms; inclusive design; multilingual safety testing",Medium,Medium,Medium,"Exclusion, injury risk, complaints, inequitable public service","Users unable to understand robot signals; obstruction of tactile paving; inaccessible app-only interactions","Accessibility testing, tactile paving avoidance, multilingual audio/visual signals, non-app fallback, disability user trials","Should accessibility be a permit condition for public-space robot trials?"
EAI-SG-020,Data breach,"Robot fleet telemetry, video or interaction data is breached through vendor cloud or weak API","Mobile robots collect valuable spatial, behavioural and security-relevant data",PDPC; CSA; IMDA; JTC; operator; vendor,"PDPA; CSA guidance; AI governance",Medium,High,High,"Privacy breach, security exposure, regulatory action, trust loss","Unencrypted telemetry; broad API tokens; offshore processing unclear; excessive retention","Encryption, access control, retention limits, breach response, vendor audit, data classification, minimisation","Are robot spatial maps sensitive infrastructure data?"
EAI-SG-021,AI assurance gap,"Deployer relies on generic AI testing but lacks physical-world safety evidence","EAI blends AI model risk with robotics, OT and public-space risk",IMDA; CSA; LTA; NRP; EnterpriseSG; sector regulators,"AI Verify; NIST AI RMF; ISO 10218; sector regulation",High,High,Critical,"False confidence, unsafe deployment, regulatory gaps, inconsistent approvals","Safety case lacks ODD, near-miss data, cyber tests, fallback evidence or human factors testing","Singapore EAI safety case template, minimum evidence checklist, independent review for high-risk deployments","Who should accredit or recognise EAI assurance providers?"
EAI-SG-022,Liability / accountability,"Incident involves robot vendor, model provider, fleet operator, infrastructure owner and agency with unclear responsibility","Multi-party public deployments create diffuse accountability",MDDI; AGC; IMDA; sector regulators; JTC; operator; insurers,"Agentic AI accountability principles; contracts; sector permits",Medium,High,High,"Delayed response, compensation disputes, weak incentives, poor learning","Contracts lack incident ownership; logs fragmented; vendors blame each other","Accountability matrix, mandatory logging, incident owner, insurance requirements, contractual safety duties","Should high-risk EAI deployments require named accountable officer?"
EAI-SG-023,AI-enabled manipulation,"Humanoid or service robot gives misleading safety, health, financial or government-service advice in public setting","Embodied interfaces can increase perceived authority and trust",IMDA; GovTech; PDPC; sector agency; vendor,"AI governance; public communications; consumer protection depending on context",Medium,Medium,Medium,"Misinformation, reliance harms, reputational damage, vulnerable-user harm","Robot answers outside scope; no handoff; users treat robot as official source","Scope restrictions, scripted safety-critical responses, human handoff, disclaimers in interaction design, content guardrails","When should public-facing robots be barred from open-ended advice?"
EAI-SG-024,Over-automation,"Organisation removes human patrol, cleaner, porter, driver or technician capacity before robots are reliable","Singapore's labour constraints create pressure to automate quickly",MOM; sector agencies; employers; unions; operators,"MOM AI transition policy; workplace safety; service continuity planning",Medium,Medium,Medium,"Service degradation, worker stress, hidden manual work, safety gaps","Rising exception workload; high robot downtime; reduced staffing during incidents","Phased deployment, service continuity metrics, worker consultation, retraining, realistic ROI and reliability thresholds","What minimum human capacity should remain during pilot periods?"
EAI-SG-025,Standards lag,"Current AV, robotics or AI standards do not cover emerging multimodal agentic robots in open public environments","EAI is moving faster than standards for open-world physical agency",EnterpriseSG; IMDA; CSA; LTA; NRP; standards bodies,"TR 68 review; ISO 10218; AI RMF; AI Verify",High,Medium,High,"Inconsistent assurance, vendor confusion, regulatory delay, unsafe edge cases","Repeated waiver requests; inconsistent permit conditions; gaps in safety cases","Standards gap analysis, Singapore technical reference for public-space EAI, alignment with international standards","Should Singapore develop an EAI Technical Reference analogous to TR 68?"

